{
    "id": "tpa-1010101010",
    "version": "1.0.0",
    "type": "agreement",
    "context": {
        "validity": {
            "initial": "2017-10-15",
            "timeZone": "America/Los_Angeles"
        },
        "infrastructure": {
            "internal": {
                "registry": "http://registry/api/v6",
                "reporter": "http://reporter/api/v4",
                "dashboard": "http://dashboard",
                "scopeManager": "http://scopes/api/v1",
                "assetsManager": "http://assets/api/v1"
            }, 
            "external":{
                "registry": "https://registry$_[SERVICES_PREFIX]$_[DNS_SUFFIX]/api/v6",
                "reporter": "https://reporter$_[SERVICES_PREFIX]$_[DNS_SUFFIX]/api/v4",
                "dashboard": "https://dashboard$_[SERVICES_PREFIX]$_[DNS_SUFFIX]",
                "scopeManager": "https://scopes$_[SERVICES_PREFIX]$_[DNS_SUFFIX]/api/v1",
                "assetsManager": "https://assets$_[SERVICES_PREFIX]$_[DNS_SUFFIX]/api/v1"
            }
        },
        "definitions": {
            "schemas": {},
            "dashboards": {
                "main": {
                    "base": "$_[URL_INT_ASSETS_MANAGER]/api/v1/public/grafana-dashboards/tpa/base.json",
                    "modifier": "$_[URL_INT_ASSETS_MANAGER]/api/v1/public/grafana-dashboards/tpa/modifier.js",
                    "overlay": "$_[URL_INT_ASSETS_MANAGER]/api/v1/public/grafana-dashboards/tpa/overlay.js"
                }
            },
            "scopes": {
                "development": {
                    "project": {
                        "name": "Project",
                        "description": "Project",
                        "type": "string",
                        "default": "1010101010"
                    },
                    "class": {
                        "name": "Class",
                        "description": "Group some projects",
                        "type": "string",
                        "default": "2020202020"
                    }
                }
            },
            "computers": {
                "pivotaltracker": {
                    "url": "http://pt.collector",
                    "apiVersion": "1",
                    "config": {
                        "ptkey": "1313131313",
                        "schedules": {
                            "24x7": "L-DT00:00-23:59/H",
                            "normal": "[{\"from\":\"1/1\",\"to\":\"6/14\",\"schedule\":\"L-VT09:00-18:00/H\"},{\"from\":\"6/15\",\"to\":\"9/15\",\"schedule\":\"L-VT08:30-15:00/H\"},{\"from\":\"9/16\",\"to\":\"12/23\",\"schedule\":\"L-VT09:00-18:00/H\"},{\"from\":\"12/24\",\"to\":\"12/24\",\"schedule\":\"L-VT09:00-13:00/H\"},{\"from\":\"12/25\",\"to\":\"12/30\",\"schedule\":\"L-VT09:00-18:00/H\"},{\"from\":\"12/31\",\"to\":\"12/31\",\"schedule\":\"L-VT09:00-13:00/H\"}]"
                        },
                        "holidays": "http://registry/static/holidays.json"
                    }
                },
                "eventcomputer": {
                    "url": "http://event.collector",
                    "endpoint": "/computations",
                    "apiVersion": "2",
                    "config": {
                        "scopeManager": "http://scopes/api/v1/scopes/development"
                    }
                }
            }
        }
    },
    "terms": {
        "metrics": {
            "PERCENTAGE_NEWBRANCHWR_STARTEDSTORIES": {
                "computer": {
                    "$ref": "#/context/definitions/computers/eventcomputer"
                },
                "measure": {
                    "computing": "actual",
                    "element": {
                        "percentage": {
                            "related": {
                                "ghwrapper": {
                                    "events": {
                                        "type": "CreateEvent",
                                        "payload": {
                                            "ref_type": "branch"
                                        }
                                    }
                                },
                                "window": 86400
                            }
                        }
                    },
                    "event": {
                        "pivotal": {
                            "activity": {
                                "highlight": "started"
                            }
                        }
                    },
                    "scope": {
                        "$ref": "#/context/definitions/scopes/development"
                    }
                }
            },
            "PERCENTAGE_OPENPR_FINISHEDSTORIES": {
                "computer": {
                    "$ref": "#/context/definitions/computers/eventcomputer"
                },
                "measure": {
                    "computing": "actual",
                    "element": {
                        "percentage": {
                            "related": {
                                "github": {
                                    "allPR": {}
                                },
                                "window": 86400
                            }
                        }
                    },
                    "event": {
                        "pivotal": {
                            "activity": {
                                "highlight": "finished"
                            }
                        }
                    },
                    "scope": {
                        "$ref": "#/context/definitions/scopes/development"
                    }
                }
            },
            "PERCENTAGE_MERGEPR_DELIVEREDSTORIES": {
                "computer": {
                    "$ref": "#/context/definitions/computers/eventcomputer"
                },
                "measure": {
                    "computing": "actual",
                    "element": {
                        "percentage": {
                            "related": {
                                "github": {
                                    "mergedPR": {}
                                },
                                "window": 86400
                            }
                        }
                    },
                    "event": {
                        "pivotal": {
                            "activity": {
                                "highlight": "delivered"
                            }
                        }
                    },
                    "scope": {
                        "$ref": "#/context/definitions/scopes/development"
                    }
                }
            },
            "PERCENTAGE_RELEASES_DELIVEREDSTORIES": {
                "computer": {
                    "$ref": "#/context/definitions/computers/eventcomputer"
                },
                "measure": {
                    "computing": "actual",
                    "element": {
                        "percentage": {
                            "related": {
                                "heroku": {
                                    "releases": {
                                        "status": "succeeded",
                                        "description": "%CONTAINS%Deploy"
                                    }
                                },
                                "window": 86400000
                            }
                        }
                    },
                    "event": {
                        "pivotal": {
                            "activity": {
                                "highlight": "delivered"
                            }
                        }
                    },
                    "scope": {
                        "$ref": "#/context/definitions/scopes/development"
                    }
                }
            },
            "PERCENTAGE_MASTER_PR_MERGE_CHANGES_UNDER_300": {
                "computer": {
                    "$ref": "#/context/definitions/computers/eventcomputer"
                },
                "measure": {
                    "computing": "actual",
                    "element": {
                        "percentage": {
                            "related": {
                                "github": {
                                    "closedPRFiles": {
                                        "changes": "%SECOND%%LOWER_OR_EQUAL%300"
                                    }
                                }
                            }
                        }
                    },
                    "event": {
                        "github": {
                            "closedPRFiles": {}
                        }
                    },
                    "scope": {
                        "$ref": "#/context/definitions/scopes/development"
                    }
                }
            },
            "NUMBER_GITHUB_MERGE_PR": {
                "computer": {
                    "$ref": "#/context/definitions/computers/eventcomputer"
                },
                "measure": {
                    "computing": "actual",
                    "element": "number",
                    "event": {
                        "github": {
                            "mergedPR": {}
                        }
                    },
                    "scope": {
                        "$ref": "#/context/definitions/scopes/development"
                    }
                }
            },
            "STDEV_GITHUB_MERGE_PR": {
                "computer": {
                    "$ref": "#/context/definitions/computers/eventcomputer"
                },
                "measure": {
                    "computing": "string",
                    "element": {
                        "stdev": {
                            "period": "daily"
                        }
                    },
                    "event": {
                        "github": {
                            "mergedPR": {}
                        }
                    },
                    "scope": {
                        "$ref": "#/context/definitions/scopes/development"
                    }
                }
            }
        },
        "guarantees": [
            {
                "id": "75_PERCENT_MASTER_PR_OPEN_FINSH_STORIES_WITHIN_A_DAY",
                "notes": "#### Description\r\n```\r\nTP-1: At least 75% of finished stories(PT) must match creation of a PR within a day.",
                "description": "At least 75% of finished stories must match the creation of a PR within a day.",
                "scope": {
                    "$ref": "#/context/definitions/scopes/development"
                },
                "of": [
                    {
                        "scope": {
                            "project": "1010101010"
                        },
                        "objective": "PERCENTAGE_OPENPR_FINISHEDSTORIES >= 75",
                        "with": {
                            "PERCENTAGE_OPENPR_FINISHEDSTORIES": {}
                        },
                        "window": {
                            "type": "static",
                            "period": "daily",
                            "initial": "2018-01-01"
                        }
                    }
                ]
            },
            {
                "id": "75_PERCENT_MASTER_PR_MERGE_DELVR_STORIES_WITHIN_A_DAY",
                "notes": "#### Description\r\n```\r\nTP-1: At least 75% of delivered stories(PT) must match a the merge of a PR into master within a day.",
                "description": "At least 75% of delivered stories must match the merge of a PR into master within a day.",
                "scope": {
                    "$ref": "#/context/definitions/scopes/development"
                },
                "of": [
                    {
                        "scope": {
                            "project": "1010101010"
                        },
                        "objective": "PERCENTAGE_MERGEPR_DELIVEREDSTORIES >= 75",
                        "with": {
                            "PERCENTAGE_MERGEPR_DELIVEREDSTORIES": {}
                        },
                        "window": {
                            "type": "static",
                            "period": "daily",
                            "initial": "2018-01-01"
                        }
                    }
                ]
            },
            {
                "id": "75_PERCENT_MASTER_PR_MERGE_LESS_THAN_300_CHANGES_WITHIN_A_DAY",
                "notes": "#### Description\r\n```\r\nTP-1: At least 75% of delivered stories(PT) must match a the merge of a PR into master within a day.",
                "description": "At least 75% of delivered stories must match the merge of a PR into master within a day.",
                "scope": {
                    "$ref": "#/context/definitions/scopes/development"
                },
                "of": [
                    {
                        "scope": {
                            "project": "1010101010"
                        },
                        "objective": "PERCENTAGE_MASTER_PR_MERGE_CHANGES_UNDER_300 >= 75",
                        "with": {
                            "PERCENTAGE_MASTER_PR_MERGE_CHANGES_UNDER_300": {}
                        },
                        "window": {
                            "type": "static",
                            "period": "daily",
                            "initial": "2018-01-01"
                        }
                    }
                ]
            },
            {
                "id": "NUMBER_MASTER_PR_MERGE_WEEKLY_OVER_1_OR_EQUAL",
                "notes": "#### Description\r\n```\r\nTP-1: At least 75% of delivered stories(PT) must match a the merge of a PR into master within a day.",
                "description": "At least 75% of delivered stories must match the merge of a PR into master within a day.",
                "scope": {
                    "$ref": "#/context/definitions/scopes/development"
                },
                "of": [
                    {
                        "scope": {
                            "project": "1010101010"
                        },
                        "objective": "NUMBER_GITHUB_MERGE_PR >= 1",
                        "with": {
                            "NUMBER_GITHUB_MERGE_PR": {}
                        },
                        "window": {
                            "type": "static",
                            "period": "weekly",
                            "initial": "2018-01-01"
                        }
                    }
                ]
            },
            {
                "id": "STDEV_GITHUB_MERGE_PR_WEEKLY_UNDER_1",
                "notes": "#### Description\r\n```\r\nTP-1: At least 75% of delivered stories(PT) must match a the merge of a PR into master within a day.",
                "description": "At least 75% of delivered stories must match the merge of a PR into master within a day.",
                "scope": {
                    "$ref": "#/context/definitions/scopes/development"
                },
                "of": [
                    {
                        "scope": {
                            "project": "1010101010"
                        },
                        "objective": "STDEV_GITHUB_MERGE_PR < 1",
                        "with": {
                            "STDEV_GITHUB_MERGE_PR": {}
                        },
                        "window": {
                            "type": "static",
                            "period": "weekly",
                            "initial": "2018-01-01"
                        }
                    }
                ]
            }
        ]
    }
}