{
  "annotations": {
    "list": [
      {
        "builtIn": 1,
        "datasource": "-- Grafana --",
        "enable": true,
        "hide": true,
        "iconColor": "rgba(0, 211, 255, 1)",
        "name": "Annotations & Alerts",
        "type": "dashboard"
      }
    ]
  },
  "editable": true,
  "gnetId": null,
  "graphTooltip": 0,
  "id": 3,
  "links": [],
  "panels": [
    {
      "collapsed": false,
      "datasource": null,
      "gridPos": {
        "h": 1,
        "w": 24,
        "x": 0,
        "y": 0
      },
      "id": 6,
      "panels": [],
      "title": "###GUARANTEE.NAME###",
      "type": "row"
    },
    {
      "aliasColors": {},
      "bars": false,
      "dashLength": 10,
      "dashes": false,
      "datasource": "InfluxDB",
      "fieldConfig": {
        "defaults": {
          "custom": {}
        },
        "overrides": []
      },
      "fill": 1,
      "fillGradient": 0,
      "gridPos": {
        "h": 8,
        "w": 19,
        "x": 0,
        "y": 1
      },
      "hiddenSeries": false,
      "id": 2,
      "legend": {
        "avg": false,
        "current": false,
        "max": false,
        "min": false,
        "show": true,
        "total": false,
        "values": false
      },
      "lines": true,
      "linewidth": 1,
      "nullPointMode": "null",
      "options": {
        "dataLinks": []
      },
      "percentage": false,
      "pointradius": 2,
      "points": true,
      "renderer": "flot",
      "seriesOverrides": [],
      "spaceLength": 10,
      "stack": false,
      "steppedLine": false,
      "targets": [
        {
          "alias": "",
          "groupBy": [
            {
              "params": [
                "$__interval"
              ],
              "type": "time"
            },
            {
              "params": [
                "none"
              ],
              "type": "fill"
            }
          ],
          "measurement": "metrics_values",
          "orderByTime": "ASC",
          "policy": "autogen",
          "refId": "A",
          "resultFormat": "time_series",
          "select": [
            [
              {
                "params": [
                  "guaranteeValue"
                ],
                "type": "field"
              },
              {
                "params": [],
                "type": "mean"
              }
            ]
          ],
          "tags": [
            {
              "key": "agreement",
              "operator": "=",
              "value": "###AGREEMENT.ID###"
            },
            {
              "condition": "AND",
              "key": "id",
              "operator": "=",
              "value": "###GUARANTEE.NAME###"
            }
          ]
        }
      ],
      "thresholds": [
        {
          "colorMode": "critical",
          "fill": true,
          "line": false,
          "op": "lt",
          "value": "###GUARANTEE.THRESHOLD###",
          "yaxis": "left"
        }
      ],
      "timeFrom": null,
      "timeRegions": [],
      "timeShift": null,
      "title": "Time Graph",
      "tooltip": {
        "shared": true,
        "sort": 0,
        "value_type": "individual"
      },
      "type": "graph",
      "xaxis": {
        "buckets": null,
        "mode": "time",
        "name": null,
        "show": true,
        "values": []
      },
      "yaxes": [
        {
          "format": "short",
          "label": null,
          "logBase": 1,
          "max": null,
          "min": null,
          "show": true
        },
        {
          "format": "short",
          "label": null,
          "logBase": 1,
          "max": null,
          "min": null,
          "show": true
        }
      ],
      "yaxis": {
        "align": false,
        "alignLevel": null
      }
    },
    {
      "datasource": "InfluxDB",
      "fieldConfig": {
        "defaults": {
          "custom": {
            "align": "center",
            "displayMode": "color-background"
          },
          "mappings": [],
          "thresholds": {
            "mode": "absolute",
            "steps": [
              {
                "color": "rgb(127, 9, 11)",
                "value": null
              },
              {
                "color": "rgb(30, 104, 11)",
                "value": "###GUARANTEE.THRESHOLD###"
              }
            ]
          },
          "unit": "none"
        },
        "overrides": []
      },
      "gridPos": {
        "h": 8,
        "w": 5,
        "x": 19,
        "y": 1
      },
      "id": 4,
      "options": {
        "showHeader": true
      },
      "pluginVersion": "7.0.0",
      "targets": [
        {
          "groupBy": [],
          "measurement": "metrics_values",
          "orderByTime": "ASC",
          "policy": "autogen",
          "refId": "A",
          "resultFormat": "time_series",
          "select": [
            [
              {
                "params": [
                  "guaranteeValue"
                ],
                "type": "field"
              }
            ]
          ],
          "tags": [
            {
              "key": "agreement",
              "operator": "=",
              "value": "###AGREEMENT.ID###"
            },
            {
              "condition": "AND",
              "key": "id",
              "operator": "=",
              "value": "###GUARANTEE.NAME###"
            }
          ]
        }
      ],
      "timeFrom": null,
      "timeShift": null,
      "title": "Panel Title",
      "type": "table"
    }
  ],
  "refresh": false,
  "schemaVersion": 25,
  "style": "dark",
  "tags": [],
  "templating": {
    "list": []
  },
  "time": {
    "from": "2017-01-01T00:00:00.000Z",
    "to": "2020-06-14T21:45:38.133Z"
  },
  "timepicker": {
    "refresh_intervals": [
      "10s",
      "30s",
      "1m",
      "5m",
      "15m",
      "30m",
      "1h",
      "2h",
      "1d"
    ]
  },
  "timezone": "",
  "title": "###COURSE.ID### - ###AGREEMENT.ID###",
  "uid": "vXh_P3mMk",
  "version": 2
}