{
    "development": [
      {
        "classId": "class01",
        "hidden": false,
        "identities": [],
        "credentials": [],
        "projects": [
          {
            "name": "Bluejay Test Project",
            "owner": "Isa-Group", 
            "projectId": "project01",
            "identities": [
              {
                "source": "github",
                "repository": "eagle-testing",
                "repoOwner": "cesgarpas"
              },
              {
                "source": "pivotal",
                "projectId": 2242320
              }
            ],
            "credentials": [],
            "members": []
          }
        ]
      }
    ]
  }